Workbook

Sheet Hướng dẫn
A1: BỘ 300 CÂU LUYỆN THI CHỨNG CHỈ ĐẠI LÝ BẢO HIỂM NHÂN THỌ
A2: Phiên bản | B2: Cập nhật ngày 13/07/2026
A3: Cấu trúc ngân hàng | B3: 300 câu: 120 Dễ, 120 Trung bình, 60 Khó; mỗi câu có 4 lựa chọn và 1 đáp án đúng.
A4: Phạm vi | B4: Kiến thức chung, pháp luật, hợp đồng, bảo hiểm nhân thọ, bảo hiểm sức khỏe, đại lý và đạo đức nghề nghiệp.
A5: Đề mẫu | B5: 40 câu. Thời gian thi tham khảo: 60 phút; đạt từ 75% theo quy định hiện hành.
A6: Lưu ý quan trọng | B6: Bộ câu hỏi này được tự biên soạn để luyện tập, KHÔNG phải ngân hàng đề thi chính thức của Bộ Tài chính hoặc Viện Phát triển bảo hiểm Việt Nam.
A7: Cách sử dụng | B7: Lọc theo Chủ đề/Mức độ trong sheet “Ngân hàng 300 câu”. Làm sheet “Đề mẫu 40 câu” trước khi xem đáp án.
A8: Nguồn chính | B8: Luật Kinh doanh bảo hiểm số 08/2022/QH15, đã được sửa đổi, bổ sung: https://vanban.chinhphu.vn/?docid=206242&pageid=27160
B9: Luật số 139/2025/QH15 sửa đổi, bổ sung Luật Kinh doanh bảo hiểm: https://vanban.chinhphu.vn/?docid=216520&pageid=27160
B10: Thông tư 69/2022/TT-BTC về chứng chỉ bảo hiểm, đại lý bảo hiểm: https://thuvienphapluat.vn/van-ban/Bao-hiem/Thong-tu-69-2022-TT-BTC-chung-chi-bao-hiem-dai-ly-bao-hiem-moi-gioi-bao-hiem-phu-tro-bao-hiem-543448.aspx
B11: Thông tư 151/2025/TT-BTC sửa đổi Thông tư 69/2022/TT-BTC: https://thuvienphapluat.vn/van-ban/Bao-hiem/Thong-tu-151-2025-TT-BTC-sua-doi-Thong-tu-69-2022-TT-BTC-huong-dan-chung-chi-bao-hiem-688160.aspx
B12: Giáo trình đại lý bảo hiểm cơ bản cập nhật - Viện Phát triển bảo hiểm Việt Nam (Bộ Tài chính): https://vidi.mof.gov.vn/vien-phat-trien-bao-hiem-viet-nam/chuong-trinh-dao-tao/vien-phat-trien-bao-hiem-viet-nam-gioi-thieu-giao-trinh-dai-ly-bao-hiem-co-ban-cap-nhat
A13: Khuyến nghị | B13: Đối chiếu văn bản và tài liệu đào tạo mới nhất trước kỳ thi thực tế; sản phẩm của từng doanh nghiệp có thể có điều khoản riêng.

Sheet Ngân hàng 300 câu
A1: STT | B1: Chủ đề | C1: Mức độ | D1: Câu hỏi | E1: A | F1: B | G1: C | H1: D | I1: Đáp án | J1: Giải thích | K1: Căn cứ/Nguồn
A2: 1 | B2: 1. Kiến thức chung & quản trị rủi ro | C2: Dễ | D2: Trong bảo hiểm, “Rủi ro” được hiểu đúng nhất là gì? | E2: Sự thiếu trung thực hoặc hành vi cố ý làm tăng khả năng tổn thất để trục lợi | F2: Sự không chắc chắn về khả năng xảy ra một biến cố có thể gây tổn thất | G2: Rủi ro chỉ dẫn đến tổn thất hoặc không tổn thất, không tạo ra cơ hội kiếm lời | H2: Sự kiện trực tiếp làm phát sinh thiệt hại, như cháy, tai nạn hoặc bệnh tật | I2: B | J2: Rủi ro gắn với tính không chắc chắn và khả năng phát sinh tổn thất. | K2: Giáo trình đại lý bảo hiểm cơ bản cập nhật - Viện Phát triển bảo hiểm Việt Nam (Bộ Tài chính): https://vidi.mof.gov.vn/vien-phat-trien-bao-hiem-viet-nam/chuong-trinh-dao-tao/vien-phat-trien-bao-hiem-viet-nam-gioi-thieu-giao-trinh-dai-ly-bao-hiem-co-ban-cap-nhat
A3: 2 | B3: 1. Kiến thức chung & quản trị rủi ro | C3: Trung bình | D3: Một người khỏe mạnh nhưng không biết chắc liệu tai nạn có xảy ra trong năm tới hay không. Khái niệm hoặc cách xử lý phù hợp nhất là gì? | E3: Rủi ro đầu cơ | F3: Rủi ro | G3: Yếu tố nguy cơ đạo đức | H3: Mức độ tổn thất | I3: B | J3: Rủi ro gắn với tính không chắc chắn và khả năng phát sinh tổn thất. | K3: Giáo trình đại lý bảo hiểm cơ bản cập nhật - Viện Phát triển bảo hiểm Việt Nam (Bộ Tài chính): https://vidi.mof.gov.vn/vien-phat-trien-bao-hiem-viet-nam/chuong-trinh-dao-tao/vien-phat-trien-bao-hiem-viet-nam-gioi-thieu-giao-trinh-dai-ly-bao-hiem-co-ban-cap-nhat
A4: 3 | B4: 1. Kiến thức chung & quản trị rủi ro | C4: Dễ | D4: Trong bảo hiểm, “Rủi ro thuần túy” được hiểu đúng nhất là gì? | E4: Sự bất cẩn tăng lên vì cho rằng đã có bảo hiểm bảo vệ | F4: Rủi ro chỉ dẫn đến tổn thất hoặc không tổn thất, không tạo ra cơ hội kiếm lời | G4: Rủi ro có thể dẫn đến lỗ, hòa vốn hoặc có lãi | H4: Đặc điểm vật chất làm tăng khả năng hoặc mức độ tổn thất | I4: B | J4: Rủi ro thuần túy thường là đối tượng phù hợp để bảo hiểm. | K4: Giáo trình đại lý bảo hiểm cơ bản cập nhật - Viện Phát triển bảo hiểm Việt Nam (Bộ Tài chính): https://vidi.mof.gov.vn/vien-phat-trien-bao-hiem-viet-nam/chuong-trinh-dao-tao/vien-phat-trien-bao-hiem-viet-nam-gioi-thieu-giao-trinh-dai-ly-bao-hiem-co-ban-cap-nhat
A5: 4 | B5: 1. Kiến thức chung & quản trị rủi ro | C5: Trung bình | D5: Một căn nhà có thể bị cháy hoặc không bị cháy; chủ nhà không thể thu lợi từ chính vụ cháy. Khái niệm hoặc cách xử lý phù hợp nhất là gì? | E5: Nguyên nhân trực tiếp gây tổn thất | F5: Né tránh rủi ro | G5: Yếu tố nguy cơ do thái độ cẩu thả | H5: Rủi ro thuần túy | I5: D | J5: Rủi ro thuần túy thường là đối tượng phù hợp để bảo hiểm. | K5: Giáo trình đại lý bảo hiểm cơ bản cập nhật - Viện Phát triển bảo hiểm Việt Nam (Bộ Tài chính): https://vidi.mof.gov.vn/vien-phat-trien-bao-hiem-viet-nam/chuong-trinh-dao-tao/vien-phat-trien-bao-hiem-viet-nam-gioi-thieu-giao-trinh-dai-ly-bao-hiem-co-ban-cap-nhat
A6: 5 | B6: 1. Kiến thức chung & quản trị rủi ro | C6: Dễ | D6: Trong bảo hiểm, “Rủi ro đầu cơ” được hiểu đúng nhất là gì? | E6: Rủi ro có thể dẫn đến lỗ, hòa vốn hoặc có lãi | F6: Sự kiện trực tiếp làm phát sinh thiệt hại, như cháy, tai nạn hoặc bệnh tật | G6: Số lần tổn thất xảy ra trong một khoảng thời gian xác định | H6: Sự thiếu trung thực hoặc hành vi cố ý làm tăng khả năng tổn thất để trục lợi | I6: A | J6: Đầu tư có cả khả năng lời và lỗ nên là rủi ro đầu cơ. | K6: Giáo trình đại lý bảo hiểm cơ bản cập nhật - Viện Phát triển bảo hiểm Việt Nam (Bộ Tài chính): https://vidi.mof.gov.vn/vien-phat-trien-bao-hiem-viet-nam/chuong-trinh-dao-tao/vien-phat-trien-bao-hiem-viet-nam-gioi-thieu-giao-trinh-dai-ly-bao-hiem-co-ban-cap-nhat
A7: 6 | B7: 1. Kiến thức chung & quản trị rủi ro | C7: Trung bình | D7: Một người mua cổ phiếu với khả năng giá tăng, giảm hoặc không đổi. Khái niệm hoặc cách xử lý phù hợp nhất là gì? | E7: Rủi ro đầu cơ | F7: Giảm thiểu rủi ro | G7: Yếu tố nguy cơ vật chất | H7: Tần suất tổn thất | I7: A | J7: Đầu tư có cả khả năng lời và lỗ nên là rủi ro đầu cơ. | K7: Giáo trình đại lý bảo hiểm cơ bản cập nhật - Viện Phát triển bảo hiểm Việt Nam (Bộ Tài chính): https://vidi.mof.gov.vn/vien-phat-trien-bao-hiem-viet-nam/chuong-trinh-dao-tao/vien-phat-trien-bao-hiem-viet-nam-gioi-thieu-giao-trinh-dai-ly-bao-hiem-co-ban-cap-nhat
A8: 7 | B8: 1. Kiến thức chung & quản trị rủi ro | C8: Dễ | D8: Trong bảo hiểm, “Nguyên nhân trực tiếp gây tổn thất” được hiểu đúng nhất là gì? | E8: Đặc điểm vật chất làm tăng khả năng hoặc mức độ tổn thất | F8: Sự bất cẩn tăng lên vì cho rằng đã có bảo hiểm bảo vệ | G8: Sự kiện trực tiếp làm phát sinh thiệt hại, như cháy, tai nạn hoặc bệnh tật | H8: Quy mô hoặc giá trị thiệt hại của mỗi lần tổn thất | I8: C | J8: Nguyên nhân trực tiếp là biến cố gây ra tổn thất. | K8: Giáo trình đại lý bảo hiểm cơ bản cập nhật - Viện Phát triển bảo hiểm Việt Nam (Bộ Tài chính): https://vidi.mof.gov.vn/vien-phat-trien-bao-hiem-viet-nam/chuong-trinh-dao-tao/vien-phat-trien-bao-hiem-viet-nam-gioi-thieu-giao-trinh-dai-ly-bao-hiem-co-ban-cap-nhat
A9: 8 | B9: 1. Kiến thức chung & quản trị rủi ro | C9: Trung bình | D9: Sét đánh làm phát sinh cháy và gây hư hỏng tài sản. Khái niệm hoặc cách xử lý phù hợp nhất là gì? | E9: Tự giữ lại rủi ro | F9: Nguyên nhân trực tiếp gây tổn thất | G9: Yếu tố nguy cơ đạo đức | H9: Mức độ tổn thất | I9: B | J9: Nguyên nhân trực tiếp là biến cố gây ra tổn thất. | K9: Giáo trình đại lý bảo hiểm cơ bản cập nhật - Viện Phát triển bảo hiểm Việt Nam (Bộ Tài chính): https://vidi.mof.gov.vn/vien-phat-trien-bao-hiem-viet-nam/chuong-trinh-dao-tao/vien-phat-trien-bao-hiem-viet-nam-gioi-thieu-giao-trinh-dai-ly-bao-hiem-co-ban-cap-nhat
A10: 9 | B10: 1. Kiến thức chung & quản trị rủi ro | C10: Dễ | D10: Trong bảo hiểm, “Yếu tố nguy cơ vật chất” được hiểu đúng nhất là gì? | E10: Không thực hiện hoạt động có thể làm phát sinh rủi ro | F10: Số lần tổn thất xảy ra trong một khoảng thời gian xác định | G10: Đặc điểm vật chất làm tăng khả năng hoặc mức độ tổn thất | H10: Sự thiếu trung thực hoặc hành vi cố ý làm tăng khả năng tổn thất để trục lợi | I10: C | J10: Đây là điều kiện vật chất làm tăng rủi ro. | K10: Giáo trình đại lý bảo hiểm cơ bản cập nhật - Viện Phát triển bảo hiểm Việt Nam (Bộ Tài chính): https://vidi.mof.gov.vn/vien-phat-trien-bao-hiem-viet-nam/chuong-trinh-dao-tao/vien-phat-trien-bao-hiem-viet-nam-gioi-thieu-giao-trinh-dai-ly-bao-hiem-co-ban-cap-nhat
A11: 10 | B11: 1. Kiến thức chung & quản trị rủi ro | C11: Trung bình | D11: Hệ thống điện cũ và dây điện hở làm khả năng cháy cao hơn. Khái niệm hoặc cách xử lý phù hợp nhất là gì? | E11: Yếu tố nguy cơ vật chất | F11: Yếu tố nguy cơ do thái độ cẩu thả | G11: Né tránh rủi ro | H11: Chuyển giao rủi ro | I11: A | J11: Đây là điều kiện vật chất làm tăng rủi ro. | K11: Giáo trình đại lý bảo hiểm cơ bản cập nhật - Viện Phát triển bảo hiểm Việt Nam (Bộ Tài chính): https://vidi.mof.gov.vn/vien-phat-trien-bao-hiem-viet-nam/chuong-trinh-dao-tao/vien-phat-trien-bao-hiem-viet-nam-gioi-thieu-giao-trinh-dai-ly-bao-hiem-co-ban-cap-nhat
A12: 11 | B12: 1. Kiến thức chung & quản trị rủi ro | C12: Dễ | D12: Trong bảo hiểm, “Yếu tố nguy cơ đạo đức” được hiểu đúng nhất là gì? | E12: Sự thiếu trung thực hoặc hành vi cố ý làm tăng khả năng tổn thất để trục lợi | F12: Áp dụng biện pháp để giảm khả năng xảy ra hoặc giảm mức độ tổn thất | G12: Quy mô hoặc giá trị thiệt hại của mỗi lần tổn thất | H12: Sự bất cẩn tăng lên vì cho rằng đã có bảo hiểm bảo vệ | I12: A | J12: Hành vi gian dối có chủ đích là yếu tố nguy cơ đạo đức. | K12: Giáo trình đại lý bảo hiểm cơ bản cập nhật - Viện Phát triển bảo hiểm Việt Nam (Bộ Tài chính): https://vidi.mof.gov.vn/vien-phat-trien-bao-hiem-viet-nam/chuong-trinh-dao-tao/vien-phat-trien-bao-hiem-viet-nam-gioi-thieu-giao-trinh-dai-ly-bao-hiem-co-ban-cap-nhat
A13: 12 | B13: 1. Kiến thức chung & quản trị rủi ro | C13: Trung bình | D13: Người được bảo hiểm cố tình khai sai tình trạng sức khỏe để được chấp nhận bảo hiểm. Khái niệm hoặc cách xử lý phù hợp nhất là gì? | E13: Phân tán và chia sẻ rủi ro | F13: Yếu tố nguy cơ đạo đức | G13: Giảm thiểu rủi ro | H13: Tần suất tổn thất | I13: B | J13: Hành vi gian dối có chủ đích là yếu tố nguy cơ đạo đức. | K13: Giáo trình đại lý bảo hiểm cơ bản cập nhật - Viện Phát triển bảo hiểm Việt Nam (Bộ Tài chính): https://vidi.mof.gov.vn/vien-phat-trien-bao-hiem-viet-nam/chuong-trinh-dao-tao/vien-phat-trien-bao-hiem-viet-nam-gioi-thieu-giao-trinh-dai-ly-bao-hiem-co-ban-cap-nhat
... A301: 300 | B301: 8. Tình huống tổng hợp | C301: Khó | D301: Đại lý hứa lãi chắc chắn, tự điền sai bệnh sử và khuyên khách hủy hợp đồng cũ. Có bao nhiêu nhóm vi phạm chính? | E301: Ba nhóm: tư vấn sai, cản trở kê khai trung thực và lôi kéo hủy hợp đồng không minh bạch | F301: Chỉ một nhóm vì là lỗi nhỏ | G301: Không có vi phạm nếu khách đã ký | H301: Chỉ vi phạm bảo mật thông tin | I301: A | J301: Tình huống đồng thời vi phạm nhiều chuẩn mực và hành vi bị cấm. | K301: Luật Kinh doanh bảo hiểm số 08/2022/QH15, đã được sửa đổi, bổ sung: https://vanban.chinhphu.vn/?docid=206242&pageid=27160

Sheet Ma trận
A1: Chủ đề | B1: Dễ | C1: Trung bình | D1: Khó | E1: Tổng
A2: 1. Kiến thức chung & quản trị rủi ro | B2: =COUNTIFS('Ngân hàng 300 câu'!$B$2:$B$301,$A2,'Ngân hàng 300 câu'!$C$2:$C$301,B$1) -> 16 | C2: =COUNTIFS('Ngân hàng 300 câu'!$B$2:$B$301,$A2,'Ngân hàng 300 câu'!$C$2:$C$301,C$1) -> 16 | D2: =COUNTIFS('Ngân hàng 300 câu'!$B$2:$B$301,$A2,'Ngân hàng 300 câu'!$C$2:$C$301,D$1) -> 8 | E2: =SUM(B2:D2) -> 40
A3: 2. Thuật ngữ & chủ thể hợp đồng | B3: =COUNTIFS('Ngân hàng 300 câu'!$B$2:$B$301,$A3,'Ngân hàng 300 câu'!$C$2:$C$301,B$1) -> 18 | C3: =COUNTIFS('Ngân hàng 300 câu'!$B$2:$B$301,$A3,'Ngân hàng 300 câu'!$C$2:$C$301,C$1) -> 18 | D3: =COUNTIFS('Ngân hàng 300 câu'!$B$2:$B$301,$A3,'Ngân hàng 300 câu'!$C$2:$C$301,D$1) -> 9 | E3: =SUM(B3:D3) -> 45
A4: 3. Nguyên tắc & phân loại bảo hiểm | B4: =COUNTIFS('Ngân hàng 300 câu'!$B$2:$B$301,$A4,'Ngân hàng 300 câu'!$C$2:$C$301,B$1) -> 14 | C4: =COUNTIFS('Ngân hàng 300 câu'!$B$2:$B$301,$A4,'Ngân hàng 300 câu'!$C$2:$C$301,C$1) -> 14 | D4: =COUNTIFS('Ngân hàng 300 câu'!$B$2:$B$301,$A4,'Ngân hàng 300 câu'!$C$2:$C$301,D$1) -> 7 | E4: =SUM(B4:D4) -> 35
A5: 4. Bảo hiểm nhân thọ cơ bản | B5: =COUNTIFS('Ngân hàng 300 câu'!$B$2:$B$301,$A5,'Ngân hàng 300 câu'!$C$2:$C$301,B$1) -> 22 | C5: =COUNTIFS('Ngân hàng 300 câu'!$B$2:$B$301,$A5,'Ngân hàng 300 câu'!$C$2:$C$301,C$1) -> 22 | D5: =COUNTIFS('Ngân hàng 300 câu'!$B$2:$B$301,$A5,'Ngân hàng 300 câu'!$C$2:$C$301,D$1) -> 11 | E5: =SUM(B5:D5) -> 55
A6: 5. Bảo hiểm sức khỏe | B6: =COUNTIFS('Ngân hàng 300 câu'!$B$2:$B$301,$A6,'Ngân hàng 300 câu'!$C$2:$C$301,B$1) -> 12 | C6: =COUNTIFS('Ngân hàng 300 câu'!$B$2:$B$301,$A6,'Ngân hàng 300 câu'!$C$2:$C$301,C$1) -> 12 | D6: =COUNTIFS('Ngân hàng 300 câu'!$B$2:$B$301,$A6,'Ngân hàng 300 câu'!$C$2:$C$301,D$1) -> 6 | E6: =SUM(B6:D6) -> 30
A7: 6. Hợp đồng bảo hiểm & pháp luật | B7: =COUNTIFS('Ngân hàng 300 câu'!$B$2:$B$301,$A7,'Ngân hàng 300 câu'!$C$2:$C$301,B$1) -> 18 | C7: =COUNTIFS('Ngân hàng 300 câu'!$B$2:$B$301,$A7,'Ngân hàng 300 câu'!$C$2:$C$301,C$1) -> 18 | D7: =COUNTIFS('Ngân hàng 300 câu'!$B$2:$B$301,$A7,'Ngân hàng 300 câu'!$C$2:$C$301,D$1) -> 9 | E7: =SUM(B7:D7) -> 45
A8: 7. Đại lý, đạo đức, quyền & nghĩa vụ | B8: =COUNTIFS('Ngân hàng 300 câu'!$B$2:$B$301,$A8,'Ngân hàng 300 câu'!$C$2:$C$301,B$1) -> 14 | C8: =COUNTIFS('Ngân hàng 300 câu'!$B$2:$B$301,$A8,'Ngân hàng 300 câu'!$C$2:$C$301,C$1) -> 14 | D8: =COUNTIFS('Ngân hàng 300 câu'!$B$2:$B$301,$A8,'Ngân hàng 300 câu'!$C$2:$C$301,D$1) -> 7 | E8: =SUM(B8:D8) -> 35
A9: 8. Tình huống tổng hợp | B9: =COUNTIFS('Ngân hàng 300 câu'!$B$2:$B$301,$A9,'Ngân hàng 300 câu'!$C$2:$C$301,B$1) -> 6 | C9: =COUNTIFS('Ngân hàng 300 câu'!$B$2:$B$301,$A9,'Ngân hàng 300 câu'!$C$2:$C$301,C$1) -> 6 | D9: =COUNTIFS('Ngân hàng 300 câu'!$B$2:$B$301,$A9,'Ngân hàng 300 câu'!$C$2:$C$301,D$1) -> 3 | E9: =SUM(B9:D9) -> 15
A10: Tổng | B10: =SUM(B2:B9) -> 120 | C10: =SUM(C2:C9) -> 120 | D10: =SUM(D2:D9) -> 60 | E10: =SUM(E2:E9) -> 300
A13: Mức độ | B13: Số câu
A14: Dễ | B14: 120
A15: Trung bình | B15: 120
A16: Khó | B16: 60

Sheet Đề mẫu 40 câu
A1: Câu | B1: Câu hỏi | C1: A | D1: B | E1: C | F1: D | G1: Mức độ
A2: 1 | B2: Trong bảo hiểm, “Bảo lãnh viện phí” được hiểu đúng nhất là gì? | C2: Quyền lợi trả một khoản xác định khi sự kiện đủ điều kiện, không phụ thuộc hoàn toàn vào chi phí thực tế | D2: Cơ chế doanh nghiệp xác nhận thanh toán trực tiếp với cơ sở y tế trong phạm vi được duyệt | E2: Quá trình kiểm tra sự kiện, chứng từ, phạm vi và điều kiện chi trả | F2: Việc doanh nghiệp xem xét và chấp thuận một dịch vụ y tế trước khi thực hiện | G2: Dễ
A3: 2 | B3: Trong bảo hiểm, “Đối tượng bảo hiểm sức khỏe” được hiểu đúng nhất là gì? | C3: Quy định các trường hợp doanh nghiệp bảo hiểm không phải bồi thường hoặc trả tiền bảo hiểm | D3: Sức khỏe của con người | E3: Sự kiện khách quan do các bên thỏa thuận hoặc pháp luật quy định mà khi xảy ra doanh nghiệp bảo hiểm phải chi trả | F3: Khoản tiền được các bên thỏa thuận làm căn cứ xác định quyền lợi bảo hiểm | G3: Dễ
A4: 3 | B4: Trong bảo hiểm, “Bảo hiểm sinh kỳ” được hiểu đúng nhất là gì? | C4: Giá trị hình thành theo cơ chế sản phẩm sau khi phân bổ phí, chi phí và kết quả đầu tư hoặc tích lũy | D4: Bảo hiểm trả tiền nếu người được bảo hiểm sống đến thời hạn đã thỏa thuận | E4: Khoản vay theo điều kiện sản phẩm dựa trên giá trị hoàn lại hoặc giá trị hợp đồng | F4: Phí được đóng theo chu kỳ như tháng, quý, nửa năm hoặc năm theo thỏa thuận | G4: Dễ
A5: 4 | B5: Khách hàng cần kế hoạch bảo vệ tử vong dài hạn và để lại tài sản. Khái niệm hoặc cách xử lý phù hợp nhất là gì? | C5: Nguyên tắc rủi ro ngẫu nhiên | D5: Bảo hiểm niên kim | E5: Bảo hiểm trọn đời | F5: Hợp đồng bảo hiểm nhân thọ | G5: Trung bình
A6: 5 | B6: Trong bảo hiểm, “Lựa chọn bất lợi” được hiểu đúng nhất là gì? | C6: Đặc điểm vật chất làm tăng khả năng hoặc mức độ tổn thất | D6: Rủi ro có thể dẫn đến lỗ, hòa vốn hoặc có lãi | E6: Sự không chắc chắn về khả năng xảy ra một biến cố có thể gây tổn thất | F6: Người có mức rủi ro cao có xu hướng tham gia hoặc mua mức bảo vệ cao hơn nếu thông tin không cân xứng | G6: Dễ
A7: 6 | B7: Hợp đồng nêu rõ một nguyên nhân cụ thể không thuộc phạm vi chi trả. Khái niệm hoặc cách xử lý phù hợp nhất là gì? | C7: Điều khoản loại trừ trách nhiệm bảo hiểm | D7: Quyền lợi bảo hiểm bổ trợ | E7: Doanh nghiệp bảo hiểm | F7: Giấy yêu cầu bảo hiểm | G7: Trung bình
A8: 7 | B8: Hợp đồng chi trả trách nhiệm bồi thường của người được bảo hiểm với bên thứ ba. Khái niệm hoặc cách xử lý phù hợp nhất là gì? | C8: Hợp đồng bảo hiểm trách nhiệm | D8: Nguyên tắc trung thực tuyệt đối | E8: Bảo hiểm trọn đời | F8: Nguyên tắc bồi thường | G8: Trung bình
A9: 8 | B9: Khách hàng muốn đại lý tích ô “không có bệnh” dù đang điều trị. Đại lý nên làm gì? | C9: Làm theo vì khách hàng tự chịu trách nhiệm | D9: Bỏ toàn bộ câu hỏi sức khỏe | E9: Tự ký thay khách hàng | F9: Từ chối kê khai sai, yêu cầu khách hàng cung cấp đầy đủ và giải thích hậu quả che giấu | G9: Khó
A10: 9 | B10: Dịch vụ y tế cần chấp thuận trước nhưng khách hàng thực hiện ngay dù không khẩn cấp. Cách đánh giá nào đúng nhất? | C10: Chắc chắn bị từ chối mọi quyền lợi tương lai | D10: Chắc chắn được trả toàn bộ vì có hóa đơn | E10: Cần đối chiếu điều khoản; việc không xin chấp thuận có thể ảnh hưởng quyền lợi | F10: Đại lý có thể tự phê duyệt sau điều trị | G10: Khó
A11: 10 | B11: Biện pháp nào tác động chủ yếu đến mức độ tổn thất thay vì xác suất xảy ra? | C11: Trang bị phương án cấp cứu để giảm hậu quả sau tai nạn | D11: Không tham gia hoạt động nguy hiểm | E11: Khai báo trung thực khi tham gia bảo hiểm | F11: Kiểm tra thiết bị định kỳ để tránh sự cố | G11: Khó
A12: 11 | B12: Trong bảo hiểm, “Chỉ tư vấn sản phẩm đã được đào tạo” được hiểu đúng nhất là gì? | C12: Đại lý chỉ được tư vấn và chào bán sản phẩm mà mình đã được doanh nghiệp đào tạo | D12: Thông tin đại lý phải được đăng ký và quản lý trên hệ thống dữ liệu theo quy định | E12: Thu thập thông tin và đề xuất giải pháp phù hợp nhu cầu, khả năng tài chính và mục tiêu khách hàng | F12: Hướng dẫn khách hàng tự cung cấp thông tin đầy đủ, không gợi ý che giấu hoặc trả lời thay | G12: Dễ
A13: 12 | B13: Bệnh thông thường chỉ được bảo vệ sau một số ngày kể từ ngày hiệu lực. Khái niệm hoặc cách xử lý phù hợp nhất là gì? | C13: Hồ sơ yêu cầu giải quyết quyền lợi | D13: Điều khoản loại trừ y tế | E13: Thời gian chờ | F13: Quyền lợi chi trả cố định | G13: Trung bình
... A41: 40 | B41: Trong bảo hiểm, “Yếu tố nguy cơ đạo đức” được hiểu đúng nhất là gì? | C41: Sự thiếu trung thực hoặc hành vi cố ý làm tăng khả năng tổn thất để trục lợi | D41: Áp dụng biện pháp để giảm khả năng xảy ra hoặc giảm mức độ tổn thất | E41: Quy mô hoặc giá trị thiệt hại của mỗi lần tổn thất | F41: Sự bất cẩn tăng lên vì cho rằng đã có bảo hiểm bảo vệ | G41: Dễ

Sheet Đáp án đề mẫu
A1: Câu | B1: Đáp án | C1: Chủ đề | D1: Mức độ | E1: Giải thích
A2: 1 | B2: B | C2: 5. Bảo hiểm sức khỏe | D2: Dễ | E2: Bảo lãnh không đồng nghĩa mọi khoản chi phí đều được chấp nhận.
A3: 2 | B3: B | C3: 2. Thuật ngữ & chủ thể hợp đồng | D3: Dễ | E3: Bảo hiểm sức khỏe bảo vệ đối với rủi ro sức khỏe.
A4: 3 | B4: B | C4: 4. Bảo hiểm nhân thọ cơ bản | D4: Dễ | E4: Sinh kỳ tập trung vào quyền lợi sống đến một thời điểm.
A5: 4 | B5: C | C5: 3. Nguyên tắc & phân loại bảo hiểm | D5: Trung bình | E5: Trọn đời có thời gian bảo vệ dài hơn tử kỳ.
A6: 5 | B6: D | C6: 1. Kiến thức chung & quản trị rủi ro | D6: Dễ | E6: Thông tin bất cân xứng có thể khiến nhóm rủi ro cao tập trung vào quỹ bảo hiểm.
A7: 6 | B7: A | C7: 2. Thuật ngữ & chủ thể hợp đồng | D7: Trung bình | E7: Loại trừ giới hạn trách nhiệm trong các trường hợp đã được quy định rõ.
A8: 7 | B8: A | C8: 3. Nguyên tắc & phân loại bảo hiểm | D8: Trung bình | E8: Đối tượng là trách nhiệm dân sự phát sinh.
A9: 8 | B9: D | C9: 7. Đại lý, đạo đức, quyền & nghĩa vụ | D9: Khó | E9: Đại lý phải hỗ trợ kê khai trung thực.
A10: 9 | B10: C | C10: 5. Bảo hiểm sức khỏe | D10: Khó | E10: Chấp thuận trước là điều kiện đối với một số dịch vụ.
A11: 10 | B11: A | C11: 1. Kiến thức chung & quản trị rủi ro | D11: Khó | E11: Cấp cứu nhanh chủ yếu giảm hậu quả khi sự kiện đã xảy ra.
A12: 11 | B12: A | C12: 7. Đại lý, đạo đức, quyền & nghĩa vụ | D12: Dễ | E12: Đào tạo sản phẩm là điều kiện trước khi tư vấn.
A13: 12 | B13: C | C13: 5. Bảo hiểm sức khỏe | D13: Trung bình | E13: Thời gian chờ hạn chế việc tham gia khi sự kiện đã gần chắc chắn.
... A41: 40 | B41: A | C41: 1. Kiến thức chung & quản trị rủi ro | D41: Dễ | E41: Hành vi gian dối có chủ đích là yếu tố nguy cơ đạo đức.
